model,case_id,domain,context_length,actual_context_length,depth,seed,answer,policy,policy_type,key_bits,value_bits,protected_key_bits,protected_layers,residual_window,found,status,response_excerpt,topk_k,kv_saving,runtime_s,tok_per_s,peak_gpu_gb
Qwen2.5-14B,math_ctx4096_d10_s0,math,4096,4086,10,0,AURORA-7749,FP16 baseline,fp16,,,,[],,True,completed,AURORA-7749,,0.0,0.9494,9.4796,28.7425
Qwen2.5-14B,math_ctx4096_d10_s0,math,4096,4086,10,0,AURORA-7749,Uniform K2/V2 rw128,uniform,2.0,2.0,,[],128.0,True,completed,AURORA-7749,,84.0022,2.7685,3.2508,28.8447
Qwen2.5-14B,math_ctx4096_d10_s0,math,4096,4086,10,0,AURORA-7749,Uniform K4/V2 rw128,uniform,4.0,2.0,,[],128.0,True,completed,AURORA-7749,,77.9479,6.6192,1.3597,29.1515
Qwen2.5-14B,math_ctx4096_d10_s0,math,4096,4086,10,0,AURORA-7749,Uniform K6/V2 rw128,uniform,6.0,2.0,,[],128.0,True,completed,AURORA-7749,,65.8395,17.1384,0.5251,30.6882
Qwen2.5-14B,math_ctx4096_d10_s0,math,4096,4086,10,0,AURORA-7749,Uniform K6/V4 rw128,uniform,6.0,4.0,,[],128.0,True,completed,AURORA-7749,,59.7853,21.3811,0.4209,30.7298
Qwen2.5-14B,math_ctx4096_d10_s1,math,4096,4085,10,1,NEBULA-3186,FP16 baseline,fp16,,,,[],,True,completed,NEBULA-3186,,0.0,0.8796,10.2324,28.7423
Qwen2.5-14B,math_ctx4096_d10_s1,math,4096,4085,10,1,NEBULA-3186,Uniform K2/V2 rw128,uniform,2.0,2.0,,[],128.0,True,completed,NEBULA-3186,,84.0015,2.6103,3.4479,28.8446
Qwen2.5-14B,math_ctx4096_d10_s1,math,4096,4085,10,1,NEBULA-3186,Uniform K4/V2 rw128,uniform,4.0,2.0,,[],128.0,True,completed,NEBULA-3186,,77.9473,6.6517,1.353,29.1515
Qwen2.5-14B,math_ctx4096_d10_s1,math,4096,4085,10,1,NEBULA-3186,Uniform K6/V2 rw128,uniform,6.0,2.0,,[],128.0,True,completed,NEBULA-3186,,65.839,17.1626,0.5244,30.688
Qwen2.5-14B,math_ctx4096_d10_s1,math,4096,4085,10,1,NEBULA-3186,Uniform K6/V4 rw128,uniform,6.0,4.0,,[],128.0,True,completed,NEBULA-3186,,59.7848,21.2181,0.4242,30.7305
Qwen2.5-14B,math_ctx4096_d50_s0,math,4096,4085,50,0,AURORA-7749,FP16 baseline,fp16,,,,[],,True,completed,AURORA-7749,,0.0,0.8774,10.258,28.7423
Qwen2.5-14B,math_ctx4096_d50_s0,math,4096,4085,50,0,AURORA-7749,Uniform K2/V2 rw128,uniform,2.0,2.0,,[],128.0,False,completed,AURORA-749,,84.0015,2.4082,3.322,28.8446
Qwen2.5-14B,math_ctx4096_d50_s0,math,4096,4085,50,0,AURORA-7749,Uniform K4/V2 rw128,uniform,4.0,2.0,,[],128.0,True,completed,AURORA-7749,,77.9473,6.6085,1.3619,29.1515
Qwen2.5-14B,math_ctx4096_d50_s0,math,4096,4085,50,0,AURORA-7749,Uniform K6/V2 rw128,uniform,6.0,2.0,,[],128.0,True,completed,AURORA-7749,,65.839,17.1651,0.5243,30.688
Qwen2.5-14B,math_ctx4096_d50_s0,math,4096,4085,50,0,AURORA-7749,Uniform K6/V4 rw128,uniform,6.0,4.0,,[],128.0,True,completed,AURORA-7749,,59.7848,21.185,0.4248,30.7305
Qwen2.5-14B,math_ctx4096_d50_s1,math,4096,4085,50,1,NEBULA-3186,FP16 baseline,fp16,,,,[],,True,completed,NEBULA-3186,,0.0,0.8779,10.2514,28.7423
Qwen2.5-14B,math_ctx4096_d50_s1,math,4096,4085,50,1,NEBULA-3186,Uniform K2/V2 rw128,uniform,2.0,2.0,,[],128.0,True,completed,NEBULA-3186,,84.0015,2.6076,3.4514,28.8446
Qwen2.5-14B,math_ctx4096_d50_s1,math,4096,4085,50,1,NEBULA-3186,Uniform K4/V2 rw128,uniform,4.0,2.0,,[],128.0,True,completed,NEBULA-3186,,77.9473,6.6166,1.3602,29.1515
Qwen2.5-14B,math_ctx4096_d50_s1,math,4096,4085,50,1,NEBULA-3186,Uniform K6/V2 rw128,uniform,6.0,2.0,,[],128.0,True,completed,NEBULA-3186,,65.839,17.1474,0.5249,30.688
Qwen2.5-14B,math_ctx4096_d50_s1,math,4096,4085,50,1,NEBULA-3186,Uniform K6/V4 rw128,uniform,6.0,4.0,,[],128.0,True,completed,NEBULA-3186,,59.7848,21.1819,0.4249,30.7305
Qwen2.5-14B,math_ctx4096_d90_s0,math,4096,4086,90,0,AURORA-7749,FP16 baseline,fp16,,,,[],,True,completed,AURORA-7749,,0.0,0.8778,10.2533,28.7425
Qwen2.5-14B,math_ctx4096_d90_s0,math,4096,4086,90,0,AURORA-7749,Uniform K2/V2 rw128,uniform,2.0,2.0,,[],128.0,False,completed,Aurora7749,,84.0022,2.4074,3.3231,28.8447
Qwen2.5-14B,math_ctx4096_d90_s0,math,4096,4086,90,0,AURORA-7749,Uniform K4/V2 rw128,uniform,4.0,2.0,,[],128.0,True,completed,AURORA-7749,,77.9479,6.621,1.3593,29.1515
Qwen2.5-14B,math_ctx4096_d90_s0,math,4096,4086,90,0,AURORA-7749,Uniform K6/V2 rw128,uniform,6.0,2.0,,[],128.0,True,completed,AURORA-7749,,65.8395,17.15,0.5248,30.6882
Qwen2.5-14B,math_ctx4096_d90_s0,math,4096,4086,90,0,AURORA-7749,Uniform K6/V4 rw128,uniform,6.0,4.0,,[],128.0,True,completed,AURORA-7749,,59.7853,21.1421,0.4257,30.7298
Qwen2.5-14B,math_ctx4096_d90_s1,math,4096,4085,90,1,NEBULA-3186,FP16 baseline,fp16,,,,[],,True,completed,NEBULA-3186,,0.0,0.8756,10.2784,28.7423
Qwen2.5-14B,math_ctx4096_d90_s1,math,4096,4085,90,1,NEBULA-3186,Uniform K2/V2 rw128,uniform,2.0,2.0,,[],128.0,True,completed,NEBULA-3186,,84.0015,2.5997,3.462,28.8446
Qwen2.5-14B,math_ctx4096_d90_s1,math,4096,4085,90,1,NEBULA-3186,Uniform K4/V2 rw128,uniform,4.0,2.0,,[],128.0,True,completed,NEBULA-3186,,77.9473,6.6143,1.3607,29.1515
Qwen2.5-14B,math_ctx4096_d90_s1,math,4096,4085,90,1,NEBULA-3186,Uniform K6/V2 rw128,uniform,6.0,2.0,,[],128.0,True,completed,NEBULA-3186,,65.839,17.1215,0.5257,30.688
Qwen2.5-14B,math_ctx4096_d90_s1,math,4096,4085,90,1,NEBULA-3186,Uniform K6/V4 rw128,uniform,6.0,4.0,,[],128.0,True,completed,NEBULA-3186,,59.7848,21.1665,0.4252,30.7305
Qwen2.5-14B,math_ctx6144_d10_s0,math,6144,6133,10,0,AURORA-7749,FP16 baseline,fp16,,,,[],,True,completed,AURORA-7749,,0.0,1.2302,7.3156,29.3547
Qwen2.5-14B,math_ctx6144_d10_s0,math,6144,6133,10,0,AURORA-7749,Uniform K2/V2 rw128,uniform,2.0,2.0,,[],128.0,True,completed,AURORA-7749,,84.9089,3.0476,2.9531,29.5141
Qwen2.5-14B,math_ctx6144_d10_s0,math,6144,6133,10,0,AURORA-7749,Uniform K4/V2 rw128,uniform,4.0,2.0,,[],128.0,True,completed,AURORA-7749,,78.7893,7.0928,1.2689,29.9755
Qwen2.5-14B,math_ctx6144_d10_s0,math,6144,6133,10,0,AURORA-7749,Uniform K6/V2 rw128,uniform,6.0,2.0,,[],128.0,True,completed,AURORA-7749,,66.5502,17.6958,0.5086,32.3113
Qwen2.5-14B,math_ctx6144_d10_s0,math,6144,6133,10,0,AURORA-7749,Uniform K6/V4 rw128,uniform,6.0,4.0,,[],128.0,True,completed,AURORA-7749,,60.4306,21.7369,0.414,32.3775
Qwen2.5-14B,math_ctx6144_d10_s1,math,6144,6134,10,1,NEBULA-3186,FP16 baseline,fp16,,,,[],,True,completed,NEBULA-3186,,0.0,1.2242,7.3517,29.3548
Qwen2.5-14B,math_ctx6144_d10_s1,math,6144,6134,10,1,NEBULA-3186,Uniform K2/V2 rw128,uniform,2.0,2.0,,[],128.0,True,completed,"NEBULA-3186 However, following your instruction closely, here is just the code n",,84.9092,30.1527,1.9235,30.2708
Qwen2.5-14B,math_ctx6144_d10_s1,math,6144,6134,10,1,NEBULA-3186,Uniform K4/V2 rw128,uniform,4.0,2.0,,[],128.0,True,completed,NEBULA-3186,,78.7896,7.0959,1.2683,29.977
Qwen2.5-14B,math_ctx6144_d10_s1,math,6144,6134,10,1,NEBULA-3186,Uniform K6/V2 rw128,uniform,6.0,2.0,,[],128.0,True,completed,NEBULA-3186,,66.5504,17.7122,0.5081,32.3142
Qwen2.5-14B,math_ctx6144_d10_s1,math,6144,6134,10,1,NEBULA-3186,Uniform K6/V4 rw128,uniform,6.0,4.0,,[],128.0,True,completed,NEBULA-3186,,60.4308,21.7144,0.4145,32.3792
Qwen2.5-14B,math_ctx6144_d50_s0,math,6144,6134,50,0,AURORA-7749,FP16 baseline,fp16,,,,[],,True,completed,AURORA-7749,,0.0,1.2243,7.3513,29.3548
Qwen2.5-14B,math_ctx6144_d50_s0,math,6144,6134,50,0,AURORA-7749,Uniform K2/V2 rw128,uniform,2.0,2.0,,[],128.0,True,completed,"AURORA-7749 Actually, based on the document provided, the correct code name is: ",,84.9092,11.6836,2.7389,29.6543
Qwen2.5-14B,math_ctx6144_d50_s0,math,6144,6134,50,0,AURORA-7749,Uniform K4/V2 rw128,uniform,4.0,2.0,,[],128.0,True,completed,AURORA-7749,,78.7896,7.0679,1.2734,29.977
Qwen2.5-14B,math_ctx6144_d50_s0,math,6144,6134,50,0,AURORA-7749,Uniform K6/V2 rw128,uniform,6.0,2.0,,[],128.0,True,completed,AURORA-7749,,66.5504,17.6745,0.5092,32.3142
Qwen2.5-14B,math_ctx6144_d50_s0,math,6144,6134,50,0,AURORA-7749,Uniform K6/V4 rw128,uniform,6.0,4.0,,[],128.0,True,completed,AURORA-7749,,60.4308,21.7988,0.4129,32.3792
Qwen2.5-14B,math_ctx6144_d50_s1,math,6144,6134,50,1,NEBULA-3186,FP16 baseline,fp16,,,,[],,True,completed,NEBULA-3186,,0.0,1.2212,7.3699,29.3548
Qwen2.5-14B,math_ctx6144_d50_s1,math,6144,6134,50,1,NEBULA-3186,Uniform K2/V2 rw128,uniform,2.0,2.0,,[],128.0,True,completed,NEBULA-3186,,84.9092,3.0443,2.9563,29.5148
Qwen2.5-14B,math_ctx6144_d50_s1,math,6144,6134,50,1,NEBULA-3186,Uniform K4/V2 rw128,uniform,4.0,2.0,,[],128.0,True,completed,NEBULA-3186,,78.7896,7.0812,1.271,29.977
Qwen2.5-14B,math_ctx6144_d50_s1,math,6144,6134,50,1,NEBULA-3186,Uniform K6/V2 rw128,uniform,6.0,2.0,,[],128.0,True,completed,NEBULA-3186,,66.5504,17.7134,0.5081,32.3142
Qwen2.5-14B,math_ctx6144_d50_s1,math,6144,6134,50,1,NEBULA-3186,Uniform K6/V4 rw128,uniform,6.0,4.0,,[],128.0,True,completed,NEBULA-3186,,60.4308,21.7199,0.4144,32.3792
Qwen2.5-14B,math_ctx6144_d90_s0,math,6144,6134,90,0,AURORA-7749,FP16 baseline,fp16,,,,[],,True,completed,AURORA-7749,,0.0,1.2233,7.3572,29.3548
Qwen2.5-14B,math_ctx6144_d90_s0,math,6144,6134,90,0,AURORA-7749,Uniform K2/V2 rw128,uniform,2.0,2.0,,[],128.0,True,completed,AURORA-7749,,84.9092,3.046,2.9547,29.5148
Qwen2.5-14B,math_ctx6144_d90_s0,math,6144,6134,90,0,AURORA-7749,Uniform K4/V2 rw128,uniform,4.0,2.0,,[],128.0,True,completed,AURORA-7749,,78.7896,7.074,1.2723,29.977
Qwen2.5-14B,math_ctx6144_d90_s0,math,6144,6134,90,0,AURORA-7749,Uniform K6/V2 rw128,uniform,6.0,2.0,,[],128.0,True,completed,AURORA-7749,,66.5504,17.6435,0.5101,32.3142
Qwen2.5-14B,math_ctx6144_d90_s0,math,6144,6134,90,0,AURORA-7749,Uniform K6/V4 rw128,uniform,6.0,4.0,,[],128.0,True,completed,AURORA-7749,,60.4308,21.7441,0.4139,32.3792
Qwen2.5-14B,math_ctx6144_d90_s1,math,6144,6134,90,1,NEBULA-3186,FP16 baseline,fp16,,,,[],,True,completed,NEBULA-3186,,0.0,1.2192,7.3819,29.3548
Qwen2.5-14B,math_ctx6144_d90_s1,math,6144,6134,90,1,NEBULA-3186,Uniform K2/V2 rw128,uniform,2.0,2.0,,[],128.0,True,completed,NEBULA-3186 It seems there was a discrepancy in the provided code name. Based on,,84.9092,18.2304,2.3587,29.9151
Qwen2.5-14B,math_ctx6144_d90_s1,math,6144,6134,90,1,NEBULA-3186,Uniform K4/V2 rw128,uniform,4.0,2.0,,[],128.0,True,completed,NEBULA-3186,,78.7896,7.0593,1.2749,29.977
Qwen2.5-14B,math_ctx6144_d90_s1,math,6144,6134,90,1,NEBULA-3186,Uniform K6/V2 rw128,uniform,6.0,2.0,,[],128.0,True,completed,NEBULA-3186,,66.5504,17.7139,0.5081,32.3142
Qwen2.5-14B,math_ctx6144_d90_s1,math,6144,6134,90,1,NEBULA-3186,Uniform K6/V4 rw128,uniform,6.0,4.0,,[],128.0,True,completed,NEBULA-3186,,60.4308,21.7351,0.4141,32.3792
Qwen2.5-14B,math_ctx8192_d10_s0,math,8192,8182,10,0,AURORA-7749,FP16 baseline,fp16,,,,[],,True,completed,AURORA-7749,,0.0,1.5976,5.6335,29.9672
Qwen2.5-14B,math_ctx8192_d10_s0,math,8192,8182,10,0,AURORA-7749,Uniform K2/V2 rw128,uniform,2.0,2.0,,[],128.0,True,completed,"AURORA-7749 Given the context, the relevant detail is ""— Internal Memo — The sec",,85.3621,26.0642,1.9951,30.5883
Qwen2.5-14B,math_ctx8192_d10_s0,math,8192,8182,10,0,AURORA-7749,Uniform K4/V2 rw128,uniform,4.0,2.0,,[],128.0,True,completed,AURORA-7749,,79.2099,7.5894,1.1859,30.7968
Qwen2.5-14B,math_ctx8192_d10_s0,math,8192,8182,10,0,AURORA-7749,Uniform K6/V2 rw128,uniform,6.0,2.0,,[],128.0,True,completed,AURORA-7749,,66.9054,18.2901,0.4921,33.9276
Qwen2.5-14B,math_ctx8192_d10_s0,math,8192,8182,10,0,AURORA-7749,Uniform K6/V4 rw128,uniform,6.0,4.0,,[],128.0,True,completed,AURORA-7749,,60.7532,22.3629,0.4025,34.0154
Qwen2.5-14B,math_ctx8192_d10_s1,math,8192,8182,10,1,NEBULA-3186,FP16 baseline,fp16,,,,[],,True,completed,NEBULA-3186,,0.0,1.5989,5.6289,29.9672
Qwen2.5-14B,math_ctx8192_d10_s1,math,8192,8182,10,1,NEBULA-3186,Uniform K2/V2 rw128,uniform,2.0,2.0,,[],128.0,True,completed,NEBULA-3186,,85.3621,3.5406,2.542,30.1727
Qwen2.5-14B,math_ctx8192_d10_s1,math,8192,8182,10,1,NEBULA-3186,Uniform K4/V2 rw128,uniform,4.0,2.0,,[],128.0,True,completed,NEBULA-3186,,79.2099,7.6065,1.1832,30.7968
Qwen2.5-14B,math_ctx8192_d10_s1,math,8192,8182,10,1,NEBULA-3186,Uniform K6/V2 rw128,uniform,6.0,2.0,,[],128.0,True,completed,NEBULA-3186,,66.9054,18.255,0.493,33.9276
Qwen2.5-14B,math_ctx8192_d10_s1,math,8192,8182,10,1,NEBULA-3186,Uniform K6/V4 rw128,uniform,6.0,4.0,,[],128.0,True,completed,NEBULA-3186,,60.7532,22.3575,0.4025,34.0154
Qwen2.5-14B,math_ctx8192_d50_s0,math,8192,8182,50,0,AURORA-7749,FP16 baseline,fp16,,,,[],,True,completed,AURORA-7749,,0.0,1.6019,5.6184,29.9672
Qwen2.5-14B,math_ctx8192_d50_s0,math,8192,8182,50,0,AURORA-7749,Uniform K2/V2 rw128,uniform,2.0,2.0,,[],128.0,True,completed,AURORA-7749,,85.3621,3.5421,2.5409,30.1727
Qwen2.5-14B,math_ctx8192_d50_s0,math,8192,8182,50,0,AURORA-7749,Uniform K4/V2 rw128,uniform,4.0,2.0,,[],128.0,True,completed,AURORA-7749,,79.2099,7.5829,1.1869,30.7968
Qwen2.5-14B,math_ctx8192_d50_s0,math,8192,8182,50,0,AURORA-7749,Uniform K6/V2 rw128,uniform,6.0,2.0,,[],128.0,True,completed,AURORA-7749,,66.9054,18.3076,0.4916,33.9276
Qwen2.5-14B,math_ctx8192_d50_s0,math,8192,8182,50,0,AURORA-7749,Uniform K6/V4 rw128,uniform,6.0,4.0,,[],128.0,True,completed,AURORA-7749,,60.7532,22.3846,0.4021,34.0154
Qwen2.5-14B,math_ctx8192_d50_s1,math,8192,8181,50,1,NEBULA-3186,FP16 baseline,fp16,,,,[],,True,completed,NEBULA-3186,,0.0,1.6009,5.6217,29.967
Qwen2.5-14B,math_ctx8192_d50_s1,math,8192,8181,50,1,NEBULA-3186,Uniform K2/V2 rw128,uniform,2.0,2.0,,[],128.0,True,completed,NEBULA-3186,,85.3619,3.531,2.5489,30.1727
Qwen2.5-14B,math_ctx8192_d50_s1,math,8192,8181,50,1,NEBULA-3186,Uniform K4/V2 rw128,uniform,4.0,2.0,,[],128.0,True,completed,NEBULA-3186,,79.2097,7.5896,1.1858,30.7967
Qwen2.5-14B,math_ctx8192_d50_s1,math,8192,8181,50,1,NEBULA-3186,Uniform K6/V2 rw128,uniform,6.0,2.0,,[],128.0,True,completed,NEBULA-3186,,66.9053,18.289,0.4921,33.9276
Qwen2.5-14B,math_ctx8192_d50_s1,math,8192,8181,50,1,NEBULA-3186,Uniform K6/V4 rw128,uniform,6.0,4.0,,[],128.0,True,completed,NEBULA-3186,,60.7531,22.3626,0.4025,34.0152
Qwen2.5-14B,math_ctx8192_d90_s0,math,8192,8182,90,0,AURORA-7749,FP16 baseline,fp16,,,,[],,True,completed,AURORA-7749,,0.0,1.6021,5.6177,29.9672
Qwen2.5-14B,math_ctx8192_d90_s0,math,8192,8182,90,0,AURORA-7749,Uniform K2/V2 rw128,uniform,2.0,2.0,,[],128.0,True,completed,AURORA-7749,,85.3621,3.5416,2.5412,30.1727
Qwen2.5-14B,math_ctx8192_d90_s0,math,8192,8182,90,0,AURORA-7749,Uniform K4/V2 rw128,uniform,4.0,2.0,,[],128.0,True,completed,AURORA-7749,,79.2099,7.6164,1.1817,30.7968
Qwen2.5-14B,math_ctx8192_d90_s0,math,8192,8182,90,0,AURORA-7749,Uniform K6/V2 rw128,uniform,6.0,2.0,,[],128.0,True,completed,AURORA-7749,,66.9054,18.2773,0.4924,33.9276
Qwen2.5-14B,math_ctx8192_d90_s0,math,8192,8182,90,0,AURORA-7749,Uniform K6/V4 rw128,uniform,6.0,4.0,,[],128.0,True,completed,AURORA-7749,,60.7532,22.4244,0.4013,34.0154
Qwen2.5-14B,math_ctx8192_d90_s1,math,8192,8181,90,1,NEBULA-3186,FP16 baseline,fp16,,,,[],,True,completed,NEBULA-3186,,0.0,1.6016,5.6194,29.967
Qwen2.5-14B,math_ctx8192_d90_s1,math,8192,8181,90,1,NEBULA-3186,Uniform K2/V2 rw128,uniform,2.0,2.0,,[],128.0,False,completed,"NEbULA3186 Given the format requested and standardizing the capitalization, the ",,85.3619,13.5851,2.5027,30.1727
Qwen2.5-14B,math_ctx8192_d90_s1,math,8192,8181,90,1,NEBULA-3186,Uniform K4/V2 rw128,uniform,4.0,2.0,,[],128.0,True,completed,NEBULA-3186,,79.2097,7.5904,1.1857,30.7967
Qwen2.5-14B,math_ctx8192_d90_s1,math,8192,8181,90,1,NEBULA-3186,Uniform K6/V2 rw128,uniform,6.0,2.0,,[],128.0,True,completed,NEBULA-3186,,66.9053,18.295,0.4919,33.9276
Qwen2.5-14B,math_ctx8192_d90_s1,math,8192,8181,90,1,NEBULA-3186,Uniform K6/V4 rw128,uniform,6.0,4.0,,[],128.0,True,completed,NEBULA-3186,,60.7531,22.3815,0.4021,34.0152
Qwen2.5-14B,literature_ctx4096_d10_s0,literature,4096,4085,10,0,AURORA-7749,FP16 baseline,fp16,,,,[],,True,completed,AURORA-7749,,0.0,0.881,10.2159,28.7423
Qwen2.5-14B,literature_ctx4096_d10_s0,literature,4096,4085,10,0,AURORA-7749,Uniform K2/V2 rw128,uniform,2.0,2.0,,[],128.0,True,completed,AURORA-7749,,84.0015,2.6081,3.4508,28.8446
Qwen2.5-14B,literature_ctx4096_d10_s0,literature,4096,4085,10,0,AURORA-7749,Uniform K4/V2 rw128,uniform,4.0,2.0,,[],128.0,True,completed,AURORA-7749,,77.9473,6.6221,1.3591,29.1515
Qwen2.5-14B,literature_ctx4096_d10_s0,literature,4096,4085,10,0,AURORA-7749,Uniform K6/V2 rw128,uniform,6.0,2.0,,[],128.0,True,completed,AURORA-7749,,65.839,17.1944,0.5234,30.688
Qwen2.5-14B,literature_ctx4096_d10_s0,literature,4096,4085,10,0,AURORA-7749,Uniform K6/V4 rw128,uniform,6.0,4.0,,[],128.0,True,completed,AURORA-7749,,59.7848,21.153,0.4255,30.7305
Qwen2.5-14B,literature_ctx4096_d10_s1,literature,4096,4085,10,1,NEBULA-3186,FP16 baseline,fp16,,,,[],,True,completed,NEBULA-3186,,0.0,0.8795,10.2335,28.7423
Qwen2.5-14B,literature_ctx4096_d10_s1,literature,4096,4085,10,1,NEBULA-3186,Uniform K2/V2 rw128,uniform,2.0,2.0,,[],128.0,True,completed,NEBULA-3186,,84.0015,2.6124,3.4452,28.8446
Qwen2.5-14B,literature_ctx4096_d10_s1,literature,4096,4085,10,1,NEBULA-3186,Uniform K4/V2 rw128,uniform,4.0,2.0,,[],128.0,True,completed,NEBULA-3186,,77.9473,6.6105,1.3615,29.1515
Qwen2.5-14B,literature_ctx4096_d10_s1,literature,4096,4085,10,1,NEBULA-3186,Uniform K6/V2 rw128,uniform,6.0,2.0,,[],128.0,True,completed,NEBULA-3186,,65.839,17.1293,0.5254,30.688
Qwen2.5-14B,literature_ctx4096_d10_s1,literature,4096,4085,10,1,NEBULA-3186,Uniform K6/V4 rw128,uniform,6.0,4.0,,[],128.0,True,completed,NEBULA-3186,,59.7848,21.2041,0.4244,30.7305
Qwen2.5-14B,literature_ctx4096_d50_s0,literature,4096,4085,50,0,AURORA-7749,FP16 baseline,fp16,,,,[],,True,completed,AURORA-7749,,0.0,0.8772,10.2603,28.7423
Qwen2.5-14B,literature_ctx4096_d50_s0,literature,4096,4085,50,0,AURORA-7749,Uniform K2/V2 rw128,uniform,2.0,2.0,,[],128.0,True,completed,AURORA-7749,,84.0015,2.6082,3.4506,28.8446
Qwen2.5-14B,literature_ctx4096_d50_s0,literature,4096,4085,50,0,AURORA-7749,Uniform K4/V2 rw128,uniform,4.0,2.0,,[],128.0,True,completed,AURORA-7749,,77.9473,6.6015,1.3633,29.1515
Qwen2.5-14B,literature_ctx4096_d50_s0,literature,4096,4085,50,0,AURORA-7749,Uniform K6/V2 rw128,uniform,6.0,2.0,,[],128.0,True,completed,AURORA-7749,,65.839,17.1532,0.5247,30.688
Qwen2.5-14B,literature_ctx4096_d50_s0,literature,4096,4085,50,0,AURORA-7749,Uniform K6/V4 rw128,uniform,6.0,4.0,,[],128.0,True,completed,AURORA-7749,,59.7848,21.1535,0.4255,30.7305
Qwen2.5-14B,literature_ctx4096_d50_s1,literature,4096,4086,50,1,NEBULA-3186,FP16 baseline,fp16,,,,[],,True,completed,NEBULA-3186,,0.0,0.877,10.2617,28.7425
Qwen2.5-14B,literature_ctx4096_d50_s1,literature,4096,4086,50,1,NEBULA-3186,Uniform K2/V2 rw128,uniform,2.0,2.0,,[],128.0,False,completed,NEBULA-318,,84.0022,2.4057,3.3255,28.8447
Qwen2.5-14B,literature_ctx4096_d50_s1,literature,4096,4086,50,1,NEBULA-3186,Uniform K4/V2 rw128,uniform,4.0,2.0,,[],128.0,True,completed,NEBULA-3186,,77.9479,6.6117,1.3612,29.1515
Qwen2.5-14B,literature_ctx4096_d50_s1,literature,4096,4086,50,1,NEBULA-3186,Uniform K6/V2 rw128,uniform,6.0,2.0,,[],128.0,True,completed,NEBULA-3186,,65.8395,17.162,0.5244,30.6882
Qwen2.5-14B,literature_ctx4096_d50_s1,literature,4096,4086,50,1,NEBULA-3186,Uniform K6/V4 rw128,uniform,6.0,4.0,,[],128.0,True,completed,NEBULA-3186,,59.7853,21.1491,0.4256,30.7298
Qwen2.5-14B,literature_ctx4096_d90_s0,literature,4096,4086,90,0,AURORA-7749,FP16 baseline,fp16,,,,[],,True,completed,AURORA-7749,,0.0,0.8771,10.2613,28.7425
Qwen2.5-14B,literature_ctx4096_d90_s0,literature,4096,4086,90,0,AURORA-7749,Uniform K2/V2 rw128,uniform,2.0,2.0,,[],128.0,True,completed,AURORA-7749,,84.0022,2.6064,3.453,28.8447
Qwen2.5-14B,literature_ctx4096_d90_s0,literature,4096,4086,90,0,AURORA-7749,Uniform K4/V2 rw128,uniform,4.0,2.0,,[],128.0,True,completed,AURORA-7749,,77.9479,6.6127,1.361,29.1515
Qwen2.5-14B,literature_ctx4096_d90_s0,literature,4096,4086,90,0,AURORA-7749,Uniform K6/V2 rw128,uniform,6.0,2.0,,[],128.0,True,completed,AURORA-7749,,65.8395,17.0961,0.5264,30.6882
Qwen2.5-14B,literature_ctx4096_d90_s0,literature,4096,4086,90,0,AURORA-7749,Uniform K6/V4 rw128,uniform,6.0,4.0,,[],128.0,True,completed,AURORA-7749,,59.7853,21.1734,0.4251,30.7298
Qwen2.5-14B,literature_ctx4096_d90_s1,literature,4096,4086,90,1,NEBULA-3186,FP16 baseline,fp16,,,,[],,True,completed,NEBULA-3186,,0.0,0.8764,10.2692,28.7425
Qwen2.5-14B,literature_ctx4096_d90_s1,literature,4096,4086,90,1,NEBULA-3186,Uniform K2/V2 rw128,uniform,2.0,2.0,,[],128.0,True,completed,NEBULA-3186,,84.0022,2.6037,3.4566,28.8447
Qwen2.5-14B,literature_ctx4096_d90_s1,literature,4096,4086,90,1,NEBULA-3186,Uniform K4/V2 rw128,uniform,4.0,2.0,,[],128.0,True,completed,NEBULA-3186,,77.9479,6.5909,1.3655,29.1515
Qwen2.5-14B,literature_ctx4096_d90_s1,literature,4096,4086,90,1,NEBULA-3186,Uniform K6/V2 rw128,uniform,6.0,2.0,,[],128.0,True,completed,NEBULA-3186,,65.8395,17.1264,0.5255,30.6882
Qwen2.5-14B,literature_ctx4096_d90_s1,literature,4096,4086,90,1,NEBULA-3186,Uniform K6/V4 rw128,uniform,6.0,4.0,,[],128.0,True,completed,NEBULA-3186,,59.7853,21.1765,0.425,30.7298
Qwen2.5-14B,literature_ctx6144_d10_s0,literature,6144,6132,10,0,AURORA-7749,FP16 baseline,fp16,,,,[],,True,completed,AURORA-7749,,0.0,1.2312,7.3101,29.3545
Qwen2.5-14B,literature_ctx6144_d10_s0,literature,6144,6132,10,0,AURORA-7749,Uniform K2/V2 rw128,uniform,2.0,2.0,,[],128.0,False,completed,AUROR-7749,,84.9086,3.0447,2.956,29.5143
Qwen2.5-14B,literature_ctx6144_d10_s0,literature,6144,6132,10,0,AURORA-7749,Uniform K4/V2 rw128,uniform,4.0,2.0,,[],128.0,True,completed,AURORA-7749,,78.789,7.07,1.273,29.9767
Qwen2.5-14B,literature_ctx6144_d10_s0,literature,6144,6132,10,0,AURORA-7749,Uniform K6/V2 rw128,uniform,6.0,2.0,,[],128.0,True,completed,AURORA-7749,,66.55,17.6465,0.51,32.3132
Qwen2.5-14B,literature_ctx6144_d10_s0,literature,6144,6132,10,0,AURORA-7749,Uniform K6/V4 rw128,uniform,6.0,4.0,,[],128.0,True,completed,AURORA-7749,,60.4304,21.6648,0.4154,32.3791
Qwen2.5-14B,literature_ctx6144_d10_s1,literature,6144,6134,10,1,NEBULA-3186,FP16 baseline,fp16,,,,[],,True,completed,NEBULA-3186,,0.0,1.2251,7.3464,29.3548
Qwen2.5-14B,literature_ctx6144_d10_s1,literature,6144,6134,10,1,NEBULA-3186,Uniform K2/V2 rw128,uniform,2.0,2.0,,[],128.0,True,completed,NEBULA-3186,,84.9092,3.0472,2.9535,29.5148
Qwen2.5-14B,literature_ctx6144_d10_s1,literature,6144,6134,10,1,NEBULA-3186,Uniform K4/V2 rw128,uniform,4.0,2.0,,[],128.0,True,completed,NEBULA-3186,,78.7896,7.0742,1.2722,29.977
Qwen2.5-14B,literature_ctx6144_d10_s1,literature,6144,6134,10,1,NEBULA-3186,Uniform K6/V2 rw128,uniform,6.0,2.0,,[],128.0,True,completed,NEBULA-3186,,66.5504,17.6608,0.5096,32.3142
Qwen2.5-14B,literature_ctx6144_d10_s1,literature,6144,6134,10,1,NEBULA-3186,Uniform K6/V4 rw128,uniform,6.0,4.0,,[],128.0,True,completed,NEBULA-3186,,60.4308,21.6948,0.4148,32.3792
Qwen2.5-14B,literature_ctx6144_d50_s0,literature,6144,6133,50,0,AURORA-7749,FP16 baseline,fp16,,,,[],,True,completed,AURORA-7749,,0.0,1.2232,7.3577,29.3547
Qwen2.5-14B,literature_ctx6144_d50_s0,literature,6144,6133,50,0,AURORA-7749,Uniform K2/V2 rw128,uniform,2.0,2.0,,[],128.0,True,completed,AURORA-7749,,84.9089,3.0519,2.949,29.5141
Qwen2.5-14B,literature_ctx6144_d50_s0,literature,6144,6133,50,0,AURORA-7749,Uniform K4/V2 rw128,uniform,4.0,2.0,,[],128.0,True,completed,AURORA-7749,,78.7893,7.0756,1.272,29.9755
Qwen2.5-14B,literature_ctx6144_d50_s0,literature,6144,6133,50,0,AURORA-7749,Uniform K6/V2 rw128,uniform,6.0,2.0,,[],128.0,True,completed,AURORA-7749,,66.5502,17.675,0.5092,32.3113
Qwen2.5-14B,literature_ctx6144_d50_s0,literature,6144,6133,50,0,AURORA-7749,Uniform K6/V4 rw128,uniform,6.0,4.0,,[],128.0,True,completed,AURORA-7749,,60.4306,21.7107,0.4145,32.3775
Qwen2.5-14B,literature_ctx6144_d50_s1,literature,6144,6134,50,1,NEBULA-3186,FP16 baseline,fp16,,,,[],,True,completed,NEBULA-3186,,0.0,1.2354,7.2851,29.3548
Qwen2.5-14B,literature_ctx6144_d50_s1,literature,6144,6134,50,1,NEBULA-3186,Uniform K2/V2 rw128,uniform,2.0,2.0,,[],128.0,True,completed,NEBULA-3186,,84.9092,3.0499,2.9509,29.5148
Qwen2.5-14B,literature_ctx6144_d50_s1,literature,6144,6134,50,1,NEBULA-3186,Uniform K4/V2 rw128,uniform,4.0,2.0,,[],128.0,True,completed,NEBULA-3186,,78.7896,7.0777,1.2716,29.977
Qwen2.5-14B,literature_ctx6144_d50_s1,literature,6144,6134,50,1,NEBULA-3186,Uniform K6/V2 rw128,uniform,6.0,2.0,,[],128.0,True,completed,NEBULA-3186,,66.5504,17.6675,0.5094,32.3142
Qwen2.5-14B,literature_ctx6144_d50_s1,literature,6144,6134,50,1,NEBULA-3186,Uniform K6/V4 rw128,uniform,6.0,4.0,,[],128.0,True,completed,NEBULA-3186,,60.4308,21.6763,0.4152,32.3792
Qwen2.5-14B,literature_ctx6144_d90_s0,literature,6144,6133,90,0,AURORA-7749,FP16 baseline,fp16,,,,[],,True,completed,AURORA-7749,,0.0,1.2278,7.3303,29.3547
Qwen2.5-14B,literature_ctx6144_d90_s0,literature,6144,6133,90,0,AURORA-7749,Uniform K2/V2 rw128,uniform,2.0,2.0,,[],128.0,False,completed,AURORA-774,,84.9089,2.8398,2.8171,29.5141
Qwen2.5-14B,literature_ctx6144_d90_s0,literature,6144,6133,90,0,AURORA-7749,Uniform K4/V2 rw128,uniform,4.0,2.0,,[],128.0,True,completed,AURORA-7749,,78.7893,7.0711,1.2728,29.9755
Qwen2.5-14B,literature_ctx6144_d90_s0,literature,6144,6133,90,0,AURORA-7749,Uniform K6/V2 rw128,uniform,6.0,2.0,,[],128.0,True,completed,AURORA-7749,,66.5502,17.6608,0.5096,32.3113
Qwen2.5-14B,literature_ctx6144_d90_s0,literature,6144,6133,90,0,AURORA-7749,Uniform K6/V4 rw128,uniform,6.0,4.0,,[],128.0,True,completed,AURORA-7749,,60.4306,21.7098,0.4146,32.3775
Qwen2.5-14B,literature_ctx6144_d90_s1,literature,6144,6134,90,1,NEBULA-3186,FP16 baseline,fp16,,,,[],,True,completed,NEBULA-3186,,0.0,1.2279,7.3295,29.3548
Qwen2.5-14B,literature_ctx6144_d90_s1,literature,6144,6134,90,1,NEBULA-3186,Uniform K2/V2 rw128,uniform,2.0,2.0,,[],128.0,False,completed,NEBULU-186,,84.9092,3.0524,2.9485,29.5148
Qwen2.5-14B,literature_ctx6144_d90_s1,literature,6144,6134,90,1,NEBULA-3186,Uniform K4/V2 rw128,uniform,4.0,2.0,,[],128.0,True,completed,NEBULA-3186,,78.7896,7.0721,1.2726,29.977
Qwen2.5-14B,literature_ctx6144_d90_s1,literature,6144,6134,90,1,NEBULA-3186,Uniform K6/V2 rw128,uniform,6.0,2.0,,[],128.0,True,completed,NEBULA-3186,,66.5504,17.6842,0.5089,32.3142
Qwen2.5-14B,literature_ctx6144_d90_s1,literature,6144,6134,90,1,NEBULA-3186,Uniform K6/V4 rw128,uniform,6.0,4.0,,[],128.0,True,completed,NEBULA-3186,,60.4308,21.7,0.4147,32.3792
Qwen2.5-14B,literature_ctx8192_d10_s0,literature,8192,8182,10,0,AURORA-7749,FP16 baseline,fp16,,,,[],,True,completed,AURORA-7749,,0.0,1.6159,5.5697,29.9672
Qwen2.5-14B,literature_ctx8192_d10_s0,literature,8192,8182,10,0,AURORA-7749,Uniform K2/V2 rw128,uniform,2.0,2.0,,[],128.0,True,completed,AURORA-7749,,85.3621,3.5531,2.533,30.1727
Qwen2.5-14B,literature_ctx8192_d10_s0,literature,8192,8182,10,0,AURORA-7749,Uniform K4/V2 rw128,uniform,4.0,2.0,,[],128.0,True,completed,AURORA-7749,,79.2099,7.5831,1.1868,30.7968
Qwen2.5-14B,literature_ctx8192_d10_s0,literature,8192,8182,10,0,AURORA-7749,Uniform K6/V2 rw128,uniform,6.0,2.0,,[],128.0,True,completed,AURORA-7749,,66.9054,18.2792,0.4924,33.9276
Qwen2.5-14B,literature_ctx8192_d10_s0,literature,8192,8182,10,0,AURORA-7749,Uniform K6/V4 rw128,uniform,6.0,4.0,,[],128.0,True,completed,AURORA-7749,,60.7532,22.3418,0.4028,34.0154
Qwen2.5-14B,literature_ctx8192_d10_s1,literature,8192,8180,10,1,NEBULA-3186,FP16 baseline,fp16,,,,[],,True,completed,NEBULA-3186,,0.0,1.6192,5.5582,29.9669
Qwen2.5-14B,literature_ctx8192_d10_s1,literature,8192,8180,10,1,NEBULA-3186,Uniform K2/V2 rw128,uniform,2.0,2.0,,[],128.0,True,completed,NEBULA-3186,,85.3618,3.5518,2.5339,30.1727
Qwen2.5-14B,literature_ctx8192_d10_s1,literature,8192,8180,10,1,NEBULA-3186,Uniform K4/V2 rw128,uniform,4.0,2.0,,[],128.0,True,completed,NEBULA-3186,,79.2096,7.6,1.1842,30.7966
Qwen2.5-14B,literature_ctx8192_d10_s1,literature,8192,8180,10,1,NEBULA-3186,Uniform K6/V2 rw128,uniform,6.0,2.0,,[],128.0,True,completed,NEBULA-3186,,66.9052,18.2435,0.4933,33.9245
Qwen2.5-14B,literature_ctx8192_d10_s1,literature,8192,8180,10,1,NEBULA-3186,Uniform K6/V4 rw128,uniform,6.0,4.0,,[],128.0,True,completed,NEBULA-3186,,60.753,22.3429,0.4028,34.0149
Qwen2.5-14B,literature_ctx8192_d50_s0,literature,8192,8182,50,0,AURORA-7749,FP16 baseline,fp16,,,,[],,True,completed,AURORA-7749,,0.0,1.6195,5.5574,29.9672
Qwen2.5-14B,literature_ctx8192_d50_s0,literature,8192,8182,50,0,AURORA-7749,Uniform K2/V2 rw128,uniform,2.0,2.0,,[],128.0,True,completed,AURORA-7749,,85.3621,3.5554,2.5314,30.1727
Qwen2.5-14B,literature_ctx8192_d50_s0,literature,8192,8182,50,0,AURORA-7749,Uniform K4/V2 rw128,uniform,4.0,2.0,,[],128.0,True,completed,AURORA-7749,,79.2099,7.6001,1.1842,30.7968
Qwen2.5-14B,literature_ctx8192_d50_s0,literature,8192,8182,50,0,AURORA-7749,Uniform K6/V2 rw128,uniform,6.0,2.0,,[],128.0,True,completed,AURORA-7749,,66.9054,18.2725,0.4925,33.9276
Qwen2.5-14B,literature_ctx8192_d50_s0,literature,8192,8182,50,0,AURORA-7749,Uniform K6/V4 rw128,uniform,6.0,4.0,,[],128.0,True,completed,AURORA-7749,,60.7532,22.3461,0.4028,34.0154
Qwen2.5-14B,literature_ctx8192_d50_s1,literature,8192,8181,50,1,NEBULA-3186,FP16 baseline,fp16,,,,[],,True,completed,NEBULA-3186,,0.0,1.62,5.5555,29.967
Qwen2.5-14B,literature_ctx8192_d50_s1,literature,8192,8181,50,1,NEBULA-3186,Uniform K2/V2 rw128,uniform,2.0,2.0,,[],128.0,True,completed,NEBULA-3186,,85.3619,3.5498,2.5354,30.1727
Qwen2.5-14B,literature_ctx8192_d50_s1,literature,8192,8181,50,1,NEBULA-3186,Uniform K4/V2 rw128,uniform,4.0,2.0,,[],128.0,True,completed,NEBULA-3186,,79.2097,7.59,1.1858,30.7967
Qwen2.5-14B,literature_ctx8192_d50_s1,literature,8192,8181,50,1,NEBULA-3186,Uniform K6/V2 rw128,uniform,6.0,2.0,,[],128.0,True,completed,NEBULA-3186,,66.9053,18.2934,0.492,33.9276
Qwen2.5-14B,literature_ctx8192_d50_s1,literature,8192,8181,50,1,NEBULA-3186,Uniform K6/V4 rw128,uniform,6.0,4.0,,[],128.0,True,completed,NEBULA-3186,,60.7531,22.3247,0.4031,34.0152
Qwen2.5-14B,literature_ctx8192_d90_s0,literature,8192,8181,90,0,AURORA-7749,FP16 baseline,fp16,,,,[],,True,completed,AURORA-7749,,0.0,1.6224,5.5472,29.967
Qwen2.5-14B,literature_ctx8192_d90_s0,literature,8192,8181,90,0,AURORA-7749,Uniform K2/V2 rw128,uniform,2.0,2.0,,[],128.0,True,completed,AURORA-7749,,85.3619,3.5544,2.532,30.1727
Qwen2.5-14B,literature_ctx8192_d90_s0,literature,8192,8181,90,0,AURORA-7749,Uniform K4/V2 rw128,uniform,4.0,2.0,,[],128.0,True,completed,AURORA-7749,,79.2097,7.5992,1.1843,30.7967
Qwen2.5-14B,literature_ctx8192_d90_s0,literature,8192,8181,90,0,AURORA-7749,Uniform K6/V2 rw128,uniform,6.0,2.0,,[],128.0,True,completed,AURORA-7749,,66.9053,18.2589,0.4929,33.9276
Qwen2.5-14B,literature_ctx8192_d90_s0,literature,8192,8181,90,0,AURORA-7749,Uniform K6/V4 rw128,uniform,6.0,4.0,,[],128.0,True,completed,AURORA-7749,,60.7531,22.3847,0.4021,34.0152
Qwen2.5-14B,literature_ctx8192_d90_s1,literature,8192,8181,90,1,NEBULA-3186,FP16 baseline,fp16,,,,[],,True,completed,NEBULA-3186,,0.0,1.6216,5.55,29.967
Qwen2.5-14B,literature_ctx8192_d90_s1,literature,8192,8181,90,1,NEBULA-3186,Uniform K2/V2 rw128,uniform,2.0,2.0,,[],128.0,False,completed,NEBULA-318,,85.3619,3.3304,2.4021,30.1727
Qwen2.5-14B,literature_ctx8192_d90_s1,literature,8192,8181,90,1,NEBULA-3186,Uniform K4/V2 rw128,uniform,4.0,2.0,,[],128.0,True,completed,NEBULA-3186,,79.2097,7.5887,1.186,30.7967
Qwen2.5-14B,literature_ctx8192_d90_s1,literature,8192,8181,90,1,NEBULA-3186,Uniform K6/V2 rw128,uniform,6.0,2.0,,[],128.0,True,completed,NEBULA-3186,,66.9053,18.2934,0.492,33.9276
Qwen2.5-14B,literature_ctx8192_d90_s1,literature,8192,8181,90,1,NEBULA-3186,Uniform K6/V4 rw128,uniform,6.0,4.0,,[],128.0,True,completed,NEBULA-3186,,60.7531,22.3381,0.4029,34.0152
Qwen2.5-14B,science_ctx4096_d10_s0,science,4096,4085,10,0,AURORA-7749,FP16 baseline,fp16,,,,[],,True,completed,AURORA-7749,,0.0,0.889,10.1236,28.7423
Qwen2.5-14B,science_ctx4096_d10_s0,science,4096,4085,10,0,AURORA-7749,Uniform K2/V2 rw128,uniform,2.0,2.0,,[],128.0,True,completed,AURORA-7749,,84.0015,2.6097,3.4487,28.8446
Qwen2.5-14B,science_ctx4096_d10_s0,science,4096,4085,10,0,AURORA-7749,Uniform K4/V2 rw128,uniform,4.0,2.0,,[],128.0,True,completed,AURORA-7749,,77.9473,6.6244,1.3586,29.1515
Qwen2.5-14B,science_ctx4096_d10_s0,science,4096,4085,10,0,AURORA-7749,Uniform K6/V2 rw128,uniform,6.0,2.0,,[],128.0,True,completed,AURORA-7749,,65.839,17.1691,0.5242,30.688
Qwen2.5-14B,science_ctx4096_d10_s0,science,4096,4085,10,0,AURORA-7749,Uniform K6/V4 rw128,uniform,6.0,4.0,,[],128.0,True,completed,AURORA-7749,,59.7848,21.1119,0.4263,30.7305
Qwen2.5-14B,science_ctx4096_d10_s1,science,4096,4086,10,1,NEBULA-3186,FP16 baseline,fp16,,,,[],,True,completed,NEBULA-3186,,0.0,0.8861,10.1574,28.7425
Qwen2.5-14B,science_ctx4096_d10_s1,science,4096,4086,10,1,NEBULA-3186,Uniform K2/V2 rw128,uniform,2.0,2.0,,[],128.0,True,completed,NEBULA-3186,,84.0022,2.6111,3.4469,28.8447
Qwen2.5-14B,science_ctx4096_d10_s1,science,4096,4086,10,1,NEBULA-3186,Uniform K4/V2 rw128,uniform,4.0,2.0,,[],128.0,True,completed,NEBULA-3186,,77.9479,6.6141,1.3607,29.1515
Qwen2.5-14B,science_ctx4096_d10_s1,science,4096,4086,10,1,NEBULA-3186,Uniform K6/V2 rw128,uniform,6.0,2.0,,[],128.0,True,completed,NEBULA-3186,,65.8395,17.1226,0.5256,30.6882
Qwen2.5-14B,science_ctx4096_d10_s1,science,4096,4086,10,1,NEBULA-3186,Uniform K6/V4 rw128,uniform,6.0,4.0,,[],128.0,True,completed,NEBULA-3186,,59.7853,21.1442,0.4256,30.7298
Qwen2.5-14B,science_ctx4096_d50_s0,science,4096,4086,50,0,AURORA-7749,FP16 baseline,fp16,,,,[],,True,completed,AURORA-7749,,0.0,0.884,10.1807,28.7425
Qwen2.5-14B,science_ctx4096_d50_s0,science,4096,4086,50,0,AURORA-7749,Uniform K2/V2 rw128,uniform,2.0,2.0,,[],128.0,True,completed,AURORA-7749,,84.0022,2.6123,3.4453,28.8447
Qwen2.5-14B,science_ctx4096_d50_s0,science,4096,4086,50,0,AURORA-7749,Uniform K4/V2 rw128,uniform,4.0,2.0,,[],128.0,True,completed,AURORA-7749,,77.9479,6.601,1.3634,29.1515
Qwen2.5-14B,science_ctx4096_d50_s0,science,4096,4086,50,0,AURORA-7749,Uniform K6/V2 rw128,uniform,6.0,2.0,,[],128.0,True,completed,AURORA-7749,,65.8395,17.1516,0.5247,30.6882
Qwen2.5-14B,science_ctx4096_d50_s0,science,4096,4086,50,0,AURORA-7749,Uniform K6/V4 rw128,uniform,6.0,4.0,,[],128.0,True,completed,AURORA-7749,,59.7853,21.163,0.4253,30.7298
Qwen2.5-14B,science_ctx4096_d50_s1,science,4096,4086,50,1,NEBULA-3186,FP16 baseline,fp16,,,,[],,True,completed,NEBULA-3186,,0.0,0.8842,10.1784,28.7425
Qwen2.5-14B,science_ctx4096_d50_s1,science,4096,4086,50,1,NEBULA-3186,Uniform K2/V2 rw128,uniform,2.0,2.0,,[],128.0,False,completed,NEBULA-316,,84.0022,2.4066,3.3242,28.8447
Qwen2.5-14B,science_ctx4096_d50_s1,science,4096,4086,50,1,NEBULA-3186,Uniform K4/V2 rw128,uniform,4.0,2.0,,[],128.0,True,completed,NEBULA-3186,,77.9479,6.6122,1.3611,29.1515
Qwen2.5-14B,science_ctx4096_d50_s1,science,4096,4086,50,1,NEBULA-3186,Uniform K6/V2 rw128,uniform,6.0,2.0,,[],128.0,True,completed,NEBULA-3186,,65.8395,17.1525,0.5247,30.6882
Qwen2.5-14B,science_ctx4096_d50_s1,science,4096,4086,50,1,NEBULA-3186,Uniform K6/V4 rw128,uniform,6.0,4.0,,[],128.0,True,completed,NEBULA-3186,,59.7853,21.0984,0.4266,30.7298
Qwen2.5-14B,science_ctx4096_d90_s0,science,4096,4086,90,0,AURORA-7749,FP16 baseline,fp16,,,,[],,True,completed,AURORA-7749,,0.0,0.8836,10.1859,28.7425
Qwen2.5-14B,science_ctx4096_d90_s0,science,4096,4086,90,0,AURORA-7749,Uniform K2/V2 rw128,uniform,2.0,2.0,,[],128.0,True,completed,AURORA-7749,,84.0022,2.6027,3.4579,28.8447
Qwen2.5-14B,science_ctx4096_d90_s0,science,4096,4086,90,0,AURORA-7749,Uniform K4/V2 rw128,uniform,4.0,2.0,,[],128.0,True,completed,AURORA-7749,,77.9479,6.6112,1.3613,29.1515
Qwen2.5-14B,science_ctx4096_d90_s0,science,4096,4086,90,0,AURORA-7749,Uniform K6/V2 rw128,uniform,6.0,2.0,,[],128.0,True,completed,AURORA-7749,,65.8395,17.119,0.5257,30.6882
Qwen2.5-14B,science_ctx4096_d90_s0,science,4096,4086,90,0,AURORA-7749,Uniform K6/V4 rw128,uniform,6.0,4.0,,[],128.0,True,completed,AURORA-7749,,59.7853,21.1518,0.4255,30.7298
Qwen2.5-14B,science_ctx4096_d90_s1,science,4096,4085,90,1,NEBULA-3186,FP16 baseline,fp16,,,,[],,True,completed,NEBULA-3186,,0.0,0.8827,10.1955,28.7423
Qwen2.5-14B,science_ctx4096_d90_s1,science,4096,4085,90,1,NEBULA-3186,Uniform K2/V2 rw128,uniform,2.0,2.0,,[],128.0,True,completed,NEBULA-3186,,84.0015,2.6127,3.4448,28.8446
Qwen2.5-14B,science_ctx4096_d90_s1,science,4096,4085,90,1,NEBULA-3186,Uniform K4/V2 rw128,uniform,4.0,2.0,,[],128.0,True,completed,NEBULA-3186,,77.9473,6.6066,1.3623,29.1515
Qwen2.5-14B,science_ctx4096_d90_s1,science,4096,4085,90,1,NEBULA-3186,Uniform K6/V2 rw128,uniform,6.0,2.0,,[],128.0,True,completed,NEBULA-3186,,65.839,17.1757,0.524,30.688
Qwen2.5-14B,science_ctx4096_d90_s1,science,4096,4085,90,1,NEBULA-3186,Uniform K6/V4 rw128,uniform,6.0,4.0,,[],128.0,True,completed,NEBULA-3186,,59.7848,21.1359,0.4258,30.7305
Qwen2.5-14B,science_ctx6144_d10_s0,science,6144,6134,10,0,AURORA-7749,FP16 baseline,fp16,,,,[],,True,completed,AURORA-7749,,0.0,1.2305,7.3143,29.3548
Qwen2.5-14B,science_ctx6144_d10_s0,science,6144,6134,10,0,AURORA-7749,Uniform K2/V2 rw128,uniform,2.0,2.0,,[],128.0,True,completed,AURORA-7749,,84.9092,3.0511,2.9497,29.5148
Qwen2.5-14B,science_ctx6144_d10_s0,science,6144,6134,10,0,AURORA-7749,Uniform K4/V2 rw128,uniform,4.0,2.0,,[],128.0,True,completed,AURORA-7749,,78.7896,7.0812,1.271,29.977
Qwen2.5-14B,science_ctx6144_d10_s0,science,6144,6134,10,0,AURORA-7749,Uniform K6/V2 rw128,uniform,6.0,2.0,,[],128.0,True,completed,AURORA-7749,,66.5504,17.7146,0.5081,32.3142
Qwen2.5-14B,science_ctx6144_d10_s0,science,6144,6134,10,0,AURORA-7749,Uniform K6/V4 rw128,uniform,6.0,4.0,,[],128.0,True,completed,AURORA-7749,,60.4308,21.8063,0.4127,32.3792
Qwen2.5-14B,science_ctx6144_d10_s1,science,6144,6134,10,1,NEBULA-3186,FP16 baseline,fp16,,,,[],,True,completed,NEBULA-3186,,0.0,1.2251,7.3466,29.3548
Qwen2.5-14B,science_ctx6144_d10_s1,science,6144,6134,10,1,NEBULA-3186,Uniform K2/V2 rw128,uniform,2.0,2.0,,[],128.0,True,completed,NEBULA-3186,,84.9092,3.0557,2.9453,29.5148
Qwen2.5-14B,science_ctx6144_d10_s1,science,6144,6134,10,1,NEBULA-3186,Uniform K4/V2 rw128,uniform,4.0,2.0,,[],128.0,True,completed,NEBULA-3186,,78.7896,7.0848,1.2703,29.977
Qwen2.5-14B,science_ctx6144_d10_s1,science,6144,6134,10,1,NEBULA-3186,Uniform K6/V2 rw128,uniform,6.0,2.0,,[],128.0,True,completed,NEBULA-3186,,66.5504,17.6814,0.509,32.3142
Qwen2.5-14B,science_ctx6144_d10_s1,science,6144,6134,10,1,NEBULA-3186,Uniform K6/V4 rw128,uniform,6.0,4.0,,[],128.0,True,completed,NEBULA-3186,,60.4308,21.755,0.4137,32.3792
Qwen2.5-14B,science_ctx6144_d50_s0,science,6144,6134,50,0,AURORA-7749,FP16 baseline,fp16,,,,[],,True,completed,AURORA-7749,,0.0,1.2337,7.2951,29.3548
Qwen2.5-14B,science_ctx6144_d50_s0,science,6144,6134,50,0,AURORA-7749,Uniform K2/V2 rw128,uniform,2.0,2.0,,[],128.0,True,completed,AURORA-7749,,84.9092,3.0497,2.9511,29.5148
Qwen2.5-14B,science_ctx6144_d50_s0,science,6144,6134,50,0,AURORA-7749,Uniform K4/V2 rw128,uniform,4.0,2.0,,[],128.0,True,completed,AURORA-7749,,78.7896,7.0717,1.2727,29.977
Qwen2.5-14B,science_ctx6144_d50_s0,science,6144,6134,50,0,AURORA-7749,Uniform K6/V2 rw128,uniform,6.0,2.0,,[],128.0,True,completed,AURORA-7749,,66.5504,17.691,0.5087,32.3142
Qwen2.5-14B,science_ctx6144_d50_s0,science,6144,6134,50,0,AURORA-7749,Uniform K6/V4 rw128,uniform,6.0,4.0,,[],128.0,True,completed,AURORA-7749,,60.4308,21.7135,0.4145,32.3792
Qwen2.5-14B,science_ctx6144_d50_s1,science,6144,6134,50,1,NEBULA-3186,FP16 baseline,fp16,,,,[],,True,completed,NEBULA-3186,,0.0,1.2343,7.2914,29.3548
Qwen2.5-14B,science_ctx6144_d50_s1,science,6144,6134,50,1,NEBULA-3186,Uniform K2/V2 rw128,uniform,2.0,2.0,,[],128.0,True,completed,NEBULA-3186,,84.9092,3.0508,2.95,29.5148
Qwen2.5-14B,science_ctx6144_d50_s1,science,6144,6134,50,1,NEBULA-3186,Uniform K4/V2 rw128,uniform,4.0,2.0,,[],128.0,True,completed,NEBULA-3186,,78.7896,7.0768,1.2718,29.977
Qwen2.5-14B,science_ctx6144_d50_s1,science,6144,6134,50,1,NEBULA-3186,Uniform K6/V2 rw128,uniform,6.0,2.0,,[],128.0,True,completed,NEBULA-3186,,66.5504,17.6856,0.5089,32.3142
Qwen2.5-14B,science_ctx6144_d50_s1,science,6144,6134,50,1,NEBULA-3186,Uniform K6/V4 rw128,uniform,6.0,4.0,,[],128.0,True,completed,NEBULA-3186,,60.4308,21.6757,0.4152,32.3792
Qwen2.5-14B,science_ctx6144_d90_s0,science,6144,6134,90,0,AURORA-7749,FP16 baseline,fp16,,,,[],,True,completed,AURORA-7749,,0.0,1.2304,7.3148,29.3548
Qwen2.5-14B,science_ctx6144_d90_s0,science,6144,6134,90,0,AURORA-7749,Uniform K2/V2 rw128,uniform,2.0,2.0,,[],128.0,True,completed,AURORA-7749,,84.9092,3.0534,2.9475,29.5148
Qwen2.5-14B,science_ctx6144_d90_s0,science,6144,6134,90,0,AURORA-7749,Uniform K4/V2 rw128,uniform,4.0,2.0,,[],128.0,True,completed,AURORA-7749,,78.7896,7.082,1.2708,29.977
Qwen2.5-14B,science_ctx6144_d90_s0,science,6144,6134,90,0,AURORA-7749,Uniform K6/V2 rw128,uniform,6.0,2.0,,[],128.0,True,completed,AURORA-7749,,66.5504,17.6592,0.5096,32.3142
Qwen2.5-14B,science_ctx6144_d90_s0,science,6144,6134,90,0,AURORA-7749,Uniform K6/V4 rw128,uniform,6.0,4.0,,[],128.0,True,completed,AURORA-7749,,60.4308,21.7315,0.4141,32.3792
Qwen2.5-14B,science_ctx6144_d90_s1,science,6144,6134,90,1,NEBULA-3186,FP16 baseline,fp16,,,,[],,True,completed,NEBULA-3186,,0.0,1.2193,7.3814,29.3548
Qwen2.5-14B,science_ctx6144_d90_s1,science,6144,6134,90,1,NEBULA-3186,Uniform K2/V2 rw128,uniform,2.0,2.0,,[],128.0,False,completed,NEBULA-186,,84.9092,2.8673,2.7901,29.5148
Qwen2.5-14B,science_ctx6144_d90_s1,science,6144,6134,90,1,NEBULA-3186,Uniform K4/V2 rw128,uniform,4.0,2.0,,[],128.0,True,completed,NEBULA-3186,,78.7896,7.0897,1.2694,29.977
Qwen2.5-14B,science_ctx6144_d90_s1,science,6144,6134,90,1,NEBULA-3186,Uniform K6/V2 rw128,uniform,6.0,2.0,,[],128.0,True,completed,NEBULA-3186,,66.5504,17.6917,0.5087,32.3142
Qwen2.5-14B,science_ctx6144_d90_s1,science,6144,6134,90,1,NEBULA-3186,Uniform K6/V4 rw128,uniform,6.0,4.0,,[],128.0,True,completed,NEBULA-3186,,60.4308,21.6979,0.4148,32.3792
Qwen2.5-14B,science_ctx8192_d10_s0,science,8192,8181,10,0,AURORA-7749,FP16 baseline,fp16,,,,[],,True,completed,AURORA-7749,,0.0,1.6096,5.5913,29.967
Qwen2.5-14B,science_ctx8192_d10_s0,science,8192,8181,10,0,AURORA-7749,Uniform K2/V2 rw128,uniform,2.0,2.0,,[],128.0,True,completed,AURORA-7749,,85.3619,3.5434,2.5399,30.1727
Qwen2.5-14B,science_ctx8192_d10_s0,science,8192,8181,10,0,AURORA-7749,Uniform K4/V2 rw128,uniform,4.0,2.0,,[],128.0,True,completed,AURORA-7749,,79.2097,7.5916,1.1855,30.7967
Qwen2.5-14B,science_ctx8192_d10_s0,science,8192,8181,10,0,AURORA-7749,Uniform K6/V2 rw128,uniform,6.0,2.0,,[],128.0,True,completed,AURORA-7749,,66.9053,18.2819,0.4923,33.9276
Qwen2.5-14B,science_ctx8192_d10_s0,science,8192,8181,10,0,AURORA-7749,Uniform K6/V4 rw128,uniform,6.0,4.0,,[],128.0,True,completed,AURORA-7749,,60.7531,22.3231,0.4032,34.0152
Qwen2.5-14B,science_ctx8192_d10_s1,science,8192,8182,10,1,NEBULA-3186,FP16 baseline,fp16,,,,[],,True,completed,NEBULA-3186,,0.0,1.8536,4.8554,29.9672
Qwen2.5-14B,science_ctx8192_d10_s1,science,8192,8182,10,1,NEBULA-3186,Uniform K2/V2 rw128,uniform,2.0,2.0,,[],128.0,True,completed,NEBULA-3186,,85.3621,3.5453,2.5386,30.1727
Qwen2.5-14B,science_ctx8192_d10_s1,science,8192,8182,10,1,NEBULA-3186,Uniform K4/V2 rw128,uniform,4.0,2.0,,[],128.0,True,completed,NEBULA-3186,,79.2099,7.5798,1.1874,30.7968
Qwen2.5-14B,science_ctx8192_d10_s1,science,8192,8182,10,1,NEBULA-3186,Uniform K6/V2 rw128,uniform,6.0,2.0,,[],128.0,True,completed,NEBULA-3186,,66.9054,18.2736,0.4925,33.9276
Qwen2.5-14B,science_ctx8192_d10_s1,science,8192,8182,10,1,NEBULA-3186,Uniform K6/V4 rw128,uniform,6.0,4.0,,[],128.0,True,completed,NEBULA-3186,,60.7532,22.6159,0.398,34.0154
Qwen2.5-14B,science_ctx8192_d50_s0,science,8192,8181,50,0,AURORA-7749,FP16 baseline,fp16,,,,[],,True,completed,AURORA-7749,,0.0,1.6053,5.6064,29.967
Qwen2.5-14B,science_ctx8192_d50_s0,science,8192,8181,50,0,AURORA-7749,Uniform K2/V2 rw128,uniform,2.0,2.0,,[],128.0,True,completed,AURORA-7749,,85.3619,4.0634,2.2149,30.1727
Qwen2.5-14B,science_ctx8192_d50_s0,science,8192,8181,50,0,AURORA-7749,Uniform K4/V2 rw128,uniform,4.0,2.0,,[],128.0,True,completed,AURORA-7749,,79.2097,7.8622,1.1447,30.7967
Qwen2.5-14B,science_ctx8192_d50_s0,science,8192,8181,50,0,AURORA-7749,Uniform K6/V2 rw128,uniform,6.0,2.0,,[],128.0,True,completed,AURORA-7749,,66.9053,19.2066,0.4686,33.9276
Qwen2.5-14B,science_ctx8192_d50_s0,science,8192,8181,50,0,AURORA-7749,Uniform K6/V4 rw128,uniform,6.0,4.0,,[],128.0,True,completed,AURORA-7749,,60.7531,23.9834,0.3753,34.0152
Qwen2.5-14B,science_ctx8192_d50_s1,science,8192,8182,50,1,NEBULA-3186,FP16 baseline,fp16,,,,[],,True,completed,NEBULA-3186,,0.0,1.6018,5.6188,29.9672
Qwen2.5-14B,science_ctx8192_d50_s1,science,8192,8182,50,1,NEBULA-3186,Uniform K2/V2 rw128,uniform,2.0,2.0,,[],128.0,True,completed,NEBULA-3186,,85.3621,3.9005,2.3074,30.1727
Qwen2.5-14B,science_ctx8192_d50_s1,science,8192,8182,50,1,NEBULA-3186,Uniform K4/V2 rw128,uniform,4.0,2.0,,[],128.0,True,completed,NEBULA-3186,,79.2099,7.5757,1.188,30.7968
Qwen2.5-14B,science_ctx8192_d50_s1,science,8192,8182,50,1,NEBULA-3186,Uniform K6/V2 rw128,uniform,6.0,2.0,,[],128.0,True,completed,NEBULA-3186,,66.9054,20.2219,0.4451,33.9276
Qwen2.5-14B,science_ctx8192_d50_s1,science,8192,8182,50,1,NEBULA-3186,Uniform K6/V4 rw128,uniform,6.0,4.0,,[],128.0,True,completed,NEBULA-3186,,60.7532,24.5374,0.3668,34.0154
Qwen2.5-14B,science_ctx8192_d90_s0,science,8192,8181,90,0,AURORA-7749,FP16 baseline,fp16,,,,[],,True,completed,AURORA-7749,,0.0,1.6058,5.6047,29.967
Qwen2.5-14B,science_ctx8192_d90_s0,science,8192,8181,90,0,AURORA-7749,Uniform K2/V2 rw128,uniform,2.0,2.0,,[],128.0,True,completed,AURORA-7749,,85.3619,4.0986,2.1959,30.1727
Qwen2.5-14B,science_ctx8192_d90_s0,science,8192,8181,90,0,AURORA-7749,Uniform K4/V2 rw128,uniform,4.0,2.0,,[],128.0,True,completed,AURORA-7749,,79.2097,8.9454,1.0061,30.7967
Qwen2.5-14B,science_ctx8192_d90_s0,science,8192,8181,90,0,AURORA-7749,Uniform K6/V2 rw128,uniform,6.0,2.0,,[],128.0,True,completed,AURORA-7749,,66.9053,19.6689,0.4576,33.9276
Qwen2.5-14B,science_ctx8192_d90_s0,science,8192,8181,90,0,AURORA-7749,Uniform K6/V4 rw128,uniform,6.0,4.0,,[],128.0,True,completed,AURORA-7749,,60.7531,25.0837,0.3588,34.0152
Qwen2.5-14B,science_ctx8192_d90_s1,science,8192,8182,90,1,NEBULA-3186,FP16 baseline,fp16,,,,[],,True,completed,NEBULA-3186,,0.0,1.6038,5.6116,29.9672
Qwen2.5-14B,science_ctx8192_d90_s1,science,8192,8182,90,1,NEBULA-3186,Uniform K2/V2 rw128,uniform,2.0,2.0,,[],128.0,True,completed,NEBULA-3186,,85.3621,4.1279,2.1803,30.1727
Qwen2.5-14B,science_ctx8192_d90_s1,science,8192,8182,90,1,NEBULA-3186,Uniform K4/V2 rw128,uniform,4.0,2.0,,[],128.0,True,completed,NEBULA-3186,,79.2099,8.4624,1.0635,30.7968
Qwen2.5-14B,science_ctx8192_d90_s1,science,8192,8182,90,1,NEBULA-3186,Uniform K6/V2 rw128,uniform,6.0,2.0,,[],128.0,True,completed,NEBULA-3186,,66.9054,19.2059,0.4686,33.9276
Qwen2.5-14B,science_ctx8192_d90_s1,science,8192,8182,90,1,NEBULA-3186,Uniform K6/V4 rw128,uniform,6.0,4.0,,[],128.0,True,completed,NEBULA-3186,,60.7532,24.5917,0.366,34.0154
Qwen2.5-14B,code_ctx4096_d10_s0,code,4096,4085,10,0,AURORA-7749,FP16 baseline,fp16,,,,[],,True,completed,AURORA-7749,,0.0,0.8784,10.2464,28.7423
Qwen2.5-14B,code_ctx4096_d10_s0,code,4096,4085,10,0,AURORA-7749,Uniform K2/V2 rw128,uniform,2.0,2.0,,[],128.0,True,completed,AURORA-7749,,84.0015,3.073,2.9287,28.8446
Qwen2.5-14B,code_ctx4096_d10_s0,code,4096,4085,10,0,AURORA-7749,Uniform K4/V2 rw128,uniform,4.0,2.0,,[],128.0,True,completed,AURORA-7749,,77.9473,6.6872,1.3458,29.1515
Qwen2.5-14B,code_ctx4096_d10_s0,code,4096,4085,10,0,AURORA-7749,Uniform K6/V2 rw128,uniform,6.0,2.0,,[],128.0,True,completed,AURORA-7749,,65.839,19.5503,0.4604,30.688
Qwen2.5-14B,code_ctx4096_d10_s0,code,4096,4085,10,0,AURORA-7749,Uniform K6/V4 rw128,uniform,6.0,4.0,,[],128.0,True,completed,AURORA-7749,,59.7848,22.994,0.3914,30.7305
Qwen2.5-14B,code_ctx4096_d10_s1,code,4096,4084,10,1,NEBULA-3186,FP16 baseline,fp16,,,,[],,True,completed,NEBULA-3186,,0.0,0.875,10.2855,28.7421
Qwen2.5-14B,code_ctx4096_d10_s1,code,4096,4084,10,1,NEBULA-3186,Uniform K2/V2 rw128,uniform,2.0,2.0,,[],128.0,True,completed,NEBULA-3186,,84.0008,2.8366,3.1729,28.8444
Qwen2.5-14B,code_ctx4096_d10_s1,code,4096,4084,10,1,NEBULA-3186,Uniform K4/V2 rw128,uniform,4.0,2.0,,[],128.0,True,completed,NEBULA-3186,,77.9467,7.3534,1.2239,29.1515
Qwen2.5-14B,code_ctx4096_d10_s1,code,4096,4084,10,1,NEBULA-3186,Uniform K6/V2 rw128,uniform,6.0,2.0,,[],128.0,True,completed,NEBULA-3186,,65.8385,18.723,0.4807,30.6878
Qwen2.5-14B,code_ctx4096_d10_s1,code,4096,4084,10,1,NEBULA-3186,Uniform K6/V4 rw128,uniform,6.0,4.0,,[],128.0,True,completed,NEBULA-3186,,59.7844,23.4851,0.3832,30.7305
Qwen2.5-14B,code_ctx4096_d50_s0,code,4096,4085,50,0,AURORA-7749,FP16 baseline,fp16,,,,[],,True,completed,AURORA-7749,,0.0,0.8774,10.2578,28.7423
Qwen2.5-14B,code_ctx4096_d50_s0,code,4096,4085,50,0,AURORA-7749,Uniform K2/V2 rw128,uniform,2.0,2.0,,[],128.0,True,completed,AURORA-7749,,84.0015,2.7535,3.2685,28.8446
Qwen2.5-14B,code_ctx4096_d50_s0,code,4096,4085,50,0,AURORA-7749,Uniform K4/V2 rw128,uniform,4.0,2.0,,[],128.0,True,completed,AURORA-7749,,77.9473,7.8466,1.147,29.1515
Qwen2.5-14B,code_ctx4096_d50_s0,code,4096,4085,50,0,AURORA-7749,Uniform K6/V2 rw128,uniform,6.0,2.0,,[],128.0,True,completed,AURORA-7749,,65.839,17.9514,0.5014,30.688
Qwen2.5-14B,code_ctx4096_d50_s0,code,4096,4085,50,0,AURORA-7749,Uniform K6/V4 rw128,uniform,6.0,4.0,,[],128.0,True,completed,AURORA-7749,,59.7848,22.7677,0.3953,30.7305
Qwen2.5-14B,code_ctx4096_d50_s1,code,4096,4084,50,1,NEBULA-3186,FP16 baseline,fp16,,,,[],,True,completed,NEBULA-3186,,0.0,0.8782,10.2479,28.7421
Qwen2.5-14B,code_ctx4096_d50_s1,code,4096,4084,50,1,NEBULA-3186,Uniform K2/V2 rw128,uniform,2.0,2.0,,[],128.0,True,completed,NEBULA-3186,,84.0008,3.5661,2.5238,28.8444
Qwen2.5-14B,code_ctx4096_d50_s1,code,4096,4084,50,1,NEBULA-3186,Uniform K4/V2 rw128,uniform,4.0,2.0,,[],128.0,True,completed,NEBULA-3186,,77.9467,8.1352,1.1063,29.1515
Qwen2.5-14B,code_ctx4096_d50_s1,code,4096,4084,50,1,NEBULA-3186,Uniform K6/V2 rw128,uniform,6.0,2.0,,[],128.0,True,completed,NEBULA-3186,,65.8385,19.6388,0.4583,30.6878
Qwen2.5-14B,code_ctx4096_d50_s1,code,4096,4084,50,1,NEBULA-3186,Uniform K6/V4 rw128,uniform,6.0,4.0,,[],128.0,True,completed,NEBULA-3186,,59.7844,22.1739,0.4059,30.7305
Qwen2.5-14B,code_ctx4096_d90_s0,code,4096,4085,90,0,AURORA-7749,FP16 baseline,fp16,,,,[],,True,completed,AURORA-7749,,0.0,0.877,10.2624,28.7423
Qwen2.5-14B,code_ctx4096_d90_s0,code,4096,4085,90,0,AURORA-7749,Uniform K2/V2 rw128,uniform,2.0,2.0,,[],128.0,False,completed,Aurora7749,,84.0015,3.1343,2.5524,28.8446
Qwen2.5-14B,code_ctx4096_d90_s0,code,4096,4085,90,0,AURORA-7749,Uniform K4/V2 rw128,uniform,4.0,2.0,,[],128.0,True,completed,AURORA-7749,,77.9473,7.4252,1.2121,29.1515
Qwen2.5-14B,code_ctx4096_d90_s0,code,4096,4085,90,0,AURORA-7749,Uniform K6/V2 rw128,uniform,6.0,2.0,,[],128.0,True,completed,AURORA-7749,,65.839,19.1932,0.4689,30.688
Qwen2.5-14B,code_ctx4096_d90_s0,code,4096,4085,90,0,AURORA-7749,Uniform K6/V4 rw128,uniform,6.0,4.0,,[],128.0,True,completed,AURORA-7749,,59.7848,22.8881,0.3932,30.7305
Qwen2.5-14B,code_ctx4096_d90_s1,code,4096,4084,90,1,NEBULA-3186,FP16 baseline,fp16,,,,[],,True,completed,NEBULA-3186,,0.0,0.8762,10.2714,28.7421
Qwen2.5-14B,code_ctx4096_d90_s1,code,4096,4084,90,1,NEBULA-3186,Uniform K2/V2 rw128,uniform,2.0,2.0,,[],128.0,True,completed,NEBULA-3186,,84.0008,2.9927,3.0074,28.8444
Qwen2.5-14B,code_ctx4096_d90_s1,code,4096,4084,90,1,NEBULA-3186,Uniform K4/V2 rw128,uniform,4.0,2.0,,[],128.0,True,completed,NEBULA-3186,,77.9467,7.5803,1.1873,29.1515
Qwen2.5-14B,code_ctx4096_d90_s1,code,4096,4084,90,1,NEBULA-3186,Uniform K6/V2 rw128,uniform,6.0,2.0,,[],128.0,True,completed,NEBULA-3186,,65.8385,19.4104,0.4637,30.6878
Qwen2.5-14B,code_ctx4096_d90_s1,code,4096,4084,90,1,NEBULA-3186,Uniform K6/V4 rw128,uniform,6.0,4.0,,[],128.0,True,completed,NEBULA-3186,,59.7844,21.839,0.4121,30.7305
Qwen2.5-14B,code_ctx6144_d10_s0,code,6144,6133,10,0,AURORA-7749,FP16 baseline,fp16,,,,[],,True,completed,AURORA-7749,,0.0,1.2218,7.366,29.3547
Qwen2.5-14B,code_ctx6144_d10_s0,code,6144,6133,10,0,AURORA-7749,Uniform K2/V2 rw128,uniform,2.0,2.0,,[],128.0,False,completed,AURORA-774,,84.9089,2.8559,2.8012,29.5141
Qwen2.5-14B,code_ctx6144_d10_s0,code,6144,6133,10,0,AURORA-7749,Uniform K4/V2 rw128,uniform,4.0,2.0,,[],128.0,True,completed,AURORA-7749,,78.7893,7.0824,1.2708,29.9755
Qwen2.5-14B,code_ctx6144_d10_s0,code,6144,6133,10,0,AURORA-7749,Uniform K6/V2 rw128,uniform,6.0,2.0,,[],128.0,True,completed,AURORA-7749,,66.5502,18.1815,0.495,32.3113
Qwen2.5-14B,code_ctx6144_d10_s0,code,6144,6133,10,0,AURORA-7749,Uniform K6/V4 rw128,uniform,6.0,4.0,,[],128.0,True,completed,AURORA-7749,,60.4306,22.5941,0.3983,32.3775
Qwen2.5-14B,code_ctx6144_d10_s1,code,6144,6132,10,1,NEBULA-3186,FP16 baseline,fp16,,,,[],,True,completed,NEBULA-3186,,0.0,1.2182,7.3881,29.3545
Qwen2.5-14B,code_ctx6144_d10_s1,code,6144,6132,10,1,NEBULA-3186,Uniform K2/V2 rw128,uniform,2.0,2.0,,[],128.0,True,completed,NEBULA-3186,,84.9086,3.5193,2.5573,29.5143
Qwen2.5-14B,code_ctx6144_d10_s1,code,6144,6132,10,1,NEBULA-3186,Uniform K4/V2 rw128,uniform,4.0,2.0,,[],128.0,True,completed,NEBULA-3186,,78.789,7.1068,1.2664,29.9767
Qwen2.5-14B,code_ctx6144_d10_s1,code,6144,6132,10,1,NEBULA-3186,Uniform K6/V2 rw128,uniform,6.0,2.0,,[],128.0,True,completed,NEBULA-3186,,66.55,18.1127,0.4969,32.3132
Qwen2.5-14B,code_ctx6144_d10_s1,code,6144,6132,10,1,NEBULA-3186,Uniform K6/V4 rw128,uniform,6.0,4.0,,[],128.0,True,completed,NEBULA-3186,,60.4304,22.2304,0.4049,32.3791
Qwen2.5-14B,code_ctx6144_d50_s0,code,6144,6133,50,0,AURORA-7749,FP16 baseline,fp16,,,,[],,True,completed,AURORA-7749,,0.0,1.2195,7.3799,29.3547
Qwen2.5-14B,code_ctx6144_d50_s0,code,6144,6133,50,0,AURORA-7749,Uniform K2/V2 rw128,uniform,2.0,2.0,,[],128.0,True,completed,AURORA-7749,,84.9089,3.0864,2.916,29.5141
Qwen2.5-14B,code_ctx6144_d50_s0,code,6144,6133,50,0,AURORA-7749,Uniform K4/V2 rw128,uniform,4.0,2.0,,[],128.0,True,completed,AURORA-7749,,78.7893,7.1723,1.2548,29.9755
Qwen2.5-14B,code_ctx6144_d50_s0,code,6144,6133,50,0,AURORA-7749,Uniform K6/V2 rw128,uniform,6.0,2.0,,[],128.0,True,completed,AURORA-7749,,66.5502,18.4795,0.487,32.3113
Qwen2.5-14B,code_ctx6144_d50_s0,code,6144,6133,50,0,AURORA-7749,Uniform K6/V4 rw128,uniform,6.0,4.0,,[],128.0,True,completed,AURORA-7749,,60.4306,22.6173,0.3979,32.3775
Qwen2.5-14B,code_ctx6144_d50_s1,code,6144,6133,50,1,NEBULA-3186,FP16 baseline,fp16,,,,[],,True,completed,NEBULA-3186,,0.0,1.2164,7.399,29.3547
Qwen2.5-14B,code_ctx6144_d50_s1,code,6144,6133,50,1,NEBULA-3186,Uniform K2/V2 rw128,uniform,2.0,2.0,,[],128.0,True,completed,NEBULA-3186,,84.9089,3.1555,2.8521,29.5141
Qwen2.5-14B,code_ctx6144_d50_s1,code,6144,6133,50,1,NEBULA-3186,Uniform K4/V2 rw128,uniform,4.0,2.0,,[],128.0,True,completed,NEBULA-3186,,78.7893,7.3178,1.2299,29.9755
Qwen2.5-14B,code_ctx6144_d50_s1,code,6144,6133,50,1,NEBULA-3186,Uniform K6/V2 rw128,uniform,6.0,2.0,,[],128.0,True,completed,NEBULA-3186,,66.5502,17.7679,0.5065,32.3113
Qwen2.5-14B,code_ctx6144_d50_s1,code,6144,6133,50,1,NEBULA-3186,Uniform K6/V4 rw128,uniform,6.0,4.0,,[],128.0,True,completed,NEBULA-3186,,60.4306,22.0262,0.4086,32.3775
Qwen2.5-14B,code_ctx6144_d90_s0,code,6144,6133,90,0,AURORA-7749,FP16 baseline,fp16,,,,[],,True,completed,AURORA-7749,,0.0,1.2297,7.319,29.3547
Qwen2.5-14B,code_ctx6144_d90_s0,code,6144,6133,90,0,AURORA-7749,Uniform K2/V2 rw128,uniform,2.0,2.0,,[],128.0,False,completed,AURORA-749,,84.9089,3.0701,2.6058,29.5141
Qwen2.5-14B,code_ctx6144_d90_s0,code,6144,6133,90,0,AURORA-7749,Uniform K4/V2 rw128,uniform,4.0,2.0,,[],128.0,True,completed,AURORA-7749,,78.7893,7.0725,1.2725,29.9755
Qwen2.5-14B,code_ctx6144_d90_s0,code,6144,6133,90,0,AURORA-7749,Uniform K6/V2 rw128,uniform,6.0,2.0,,[],128.0,True,completed,AURORA-7749,,66.5502,18.289,0.4921,32.3113
Qwen2.5-14B,code_ctx6144_d90_s0,code,6144,6133,90,0,AURORA-7749,Uniform K6/V4 rw128,uniform,6.0,4.0,,[],128.0,True,completed,AURORA-7749,,60.4306,22.3969,0.4018,32.3775
Qwen2.5-14B,code_ctx6144_d90_s1,code,6144,6132,90,1,NEBULA-3186,FP16 baseline,fp16,,,,[],,True,completed,NEBULA-3186,,0.0,1.2213,7.3692,29.3545
Qwen2.5-14B,code_ctx6144_d90_s1,code,6144,6132,90,1,NEBULA-3186,Uniform K2/V2 rw128,uniform,2.0,2.0,,[],128.0,True,completed,NEBULA-3186,,84.9086,3.3065,2.7219,29.5143
Qwen2.5-14B,code_ctx6144_d90_s1,code,6144,6132,90,1,NEBULA-3186,Uniform K4/V2 rw128,uniform,4.0,2.0,,[],128.0,True,completed,NEBULA-3186,,78.789,7.6923,1.17,29.9767
Qwen2.5-14B,code_ctx6144_d90_s1,code,6144,6132,90,1,NEBULA-3186,Uniform K6/V2 rw128,uniform,6.0,2.0,,[],128.0,True,completed,NEBULA-3186,,66.55,18.7355,0.4804,32.3132
Qwen2.5-14B,code_ctx6144_d90_s1,code,6144,6132,90,1,NEBULA-3186,Uniform K6/V4 rw128,uniform,6.0,4.0,,[],128.0,True,completed,NEBULA-3186,,60.4304,21.9897,0.4093,32.3791
Qwen2.5-14B,code_ctx8192_d10_s0,code,8192,8181,10,0,AURORA-7749,FP16 baseline,fp16,,,,[],,True,completed,AURORA-7749,,0.0,1.5997,5.6262,29.967
Qwen2.5-14B,code_ctx8192_d10_s0,code,8192,8181,10,0,AURORA-7749,Uniform K2/V2 rw128,uniform,2.0,2.0,,[],128.0,True,completed,AURORA-7749,,85.3619,3.652,2.4644,30.1727
Qwen2.5-14B,code_ctx8192_d10_s0,code,8192,8181,10,0,AURORA-7749,Uniform K4/V2 rw128,uniform,4.0,2.0,,[],128.0,True,completed,AURORA-7749,,79.2097,8.0626,1.1163,30.7967
Qwen2.5-14B,code_ctx8192_d10_s0,code,8192,8181,10,0,AURORA-7749,Uniform K6/V2 rw128,uniform,6.0,2.0,,[],128.0,True,completed,AURORA-7749,,66.9053,19.1972,0.4688,33.9276
Qwen2.5-14B,code_ctx8192_d10_s0,code,8192,8181,10,0,AURORA-7749,Uniform K6/V4 rw128,uniform,6.0,4.0,,[],128.0,True,completed,AURORA-7749,,60.7531,23.5856,0.3816,34.0152
Qwen2.5-14B,code_ctx8192_d10_s1,code,8192,8181,10,1,NEBULA-3186,FP16 baseline,fp16,,,,[],,True,completed,NEBULA-3186,,0.0,1.6018,5.6187,29.967
Qwen2.5-14B,code_ctx8192_d10_s1,code,8192,8181,10,1,NEBULA-3186,Uniform K2/V2 rw128,uniform,2.0,2.0,,[],128.0,False,completed,NEBULA,,85.3619,3.1393,1.2742,30.1727
Qwen2.5-14B,code_ctx8192_d10_s1,code,8192,8181,10,1,NEBULA-3186,Uniform K4/V2 rw128,uniform,4.0,2.0,,[],128.0,True,completed,NEBULA-3186,,79.2097,7.7579,1.1601,30.7967
Qwen2.5-14B,code_ctx8192_d10_s1,code,8192,8181,10,1,NEBULA-3186,Uniform K6/V2 rw128,uniform,6.0,2.0,,[],128.0,True,completed,NEBULA-3186,,66.9053,19.8541,0.4533,33.9276
Qwen2.5-14B,code_ctx8192_d10_s1,code,8192,8181,10,1,NEBULA-3186,Uniform K6/V4 rw128,uniform,6.0,4.0,,[],128.0,True,completed,NEBULA-3186,,60.7531,23.9679,0.3755,34.0152
Qwen2.5-14B,code_ctx8192_d50_s0,code,8192,8181,50,0,AURORA-7749,FP16 baseline,fp16,,,,[],,True,completed,AURORA-7749,,0.0,1.6028,5.615,29.967
Qwen2.5-14B,code_ctx8192_d50_s0,code,8192,8181,50,0,AURORA-7749,Uniform K2/V2 rw128,uniform,2.0,2.0,,[],128.0,True,completed,AURORA-7749,,85.3619,4.1979,2.1439,30.1727
Qwen2.5-14B,code_ctx8192_d50_s0,code,8192,8181,50,0,AURORA-7749,Uniform K4/V2 rw128,uniform,4.0,2.0,,[],128.0,True,completed,AURORA-7749,,79.2097,8.6118,1.0451,30.7967
Qwen2.5-14B,code_ctx8192_d50_s0,code,8192,8181,50,0,AURORA-7749,Uniform K6/V2 rw128,uniform,6.0,2.0,,[],128.0,True,completed,AURORA-7749,,66.9053,19.7712,0.4552,33.9276
Qwen2.5-14B,code_ctx8192_d50_s0,code,8192,8181,50,0,AURORA-7749,Uniform K6/V4 rw128,uniform,6.0,4.0,,[],128.0,True,completed,AURORA-7749,,60.7531,23.1181,0.3893,34.0152
Qwen2.5-14B,code_ctx8192_d50_s1,code,8192,8181,50,1,NEBULA-3186,FP16 baseline,fp16,,,,[],,True,completed,NEBULA-3186,,0.0,1.6002,5.6243,29.967
Qwen2.5-14B,code_ctx8192_d50_s1,code,8192,8181,50,1,NEBULA-3186,Uniform K2/V2 rw128,uniform,2.0,2.0,,[],128.0,True,completed,NEBULA-3186,,85.3619,4.0383,2.2287,30.1727
Qwen2.5-14B,code_ctx8192_d50_s1,code,8192,8181,50,1,NEBULA-3186,Uniform K4/V2 rw128,uniform,4.0,2.0,,[],128.0,True,completed,NEBULA-3186,,79.2097,7.5867,1.1863,30.7967
Qwen2.5-14B,code_ctx8192_d50_s1,code,8192,8181,50,1,NEBULA-3186,Uniform K6/V2 rw128,uniform,6.0,2.0,,[],128.0,True,completed,NEBULA-3186,,66.9053,19.3435,0.4653,33.9276
Qwen2.5-14B,code_ctx8192_d50_s1,code,8192,8181,50,1,NEBULA-3186,Uniform K6/V4 rw128,uniform,6.0,4.0,,[],128.0,True,completed,NEBULA-3186,,60.7531,24.9588,0.3606,34.0152
Qwen2.5-14B,code_ctx8192_d90_s0,code,8192,8181,90,0,AURORA-7749,FP16 baseline,fp16,,,,[],,True,completed,AURORA-7749,,0.0,1.6027,5.6154,29.967
Qwen2.5-14B,code_ctx8192_d90_s0,code,8192,8181,90,0,AURORA-7749,Uniform K2/V2 rw128,uniform,2.0,2.0,,[],128.0,True,completed,AURORA-7749,,85.3619,3.8939,2.3113,30.1727
Qwen2.5-14B,code_ctx8192_d90_s0,code,8192,8181,90,0,AURORA-7749,Uniform K4/V2 rw128,uniform,4.0,2.0,,[],128.0,True,completed,AURORA-7749,,79.2097,8.3922,1.0724,30.7967
Qwen2.5-14B,code_ctx8192_d90_s0,code,8192,8181,90,0,AURORA-7749,Uniform K6/V2 rw128,uniform,6.0,2.0,,[],128.0,True,completed,AURORA-7749,,66.9053,18.5901,0.4841,33.9276
Qwen2.5-14B,code_ctx8192_d90_s0,code,8192,8181,90,0,AURORA-7749,Uniform K6/V4 rw128,uniform,6.0,4.0,,[],128.0,True,completed,AURORA-7749,,60.7531,24.0641,0.374,34.0152
Qwen2.5-14B,code_ctx8192_d90_s1,code,8192,8180,90,1,NEBULA-3186,FP16 baseline,fp16,,,,[],,True,completed,NEBULA-3186,,0.0,1.6042,5.6102,29.9669
Qwen2.5-14B,code_ctx8192_d90_s1,code,8192,8180,90,1,NEBULA-3186,Uniform K2/V2 rw128,uniform,2.0,2.0,,[],128.0,True,completed,NEBULA-3186,,85.3618,4.5049,1.9978,30.1727
Qwen2.5-14B,code_ctx8192_d90_s1,code,8192,8180,90,1,NEBULA-3186,Uniform K4/V2 rw128,uniform,4.0,2.0,,[],128.0,True,completed,NEBULA-3186,,79.2096,8.0501,1.118,30.7966
Qwen2.5-14B,code_ctx8192_d90_s1,code,8192,8180,90,1,NEBULA-3186,Uniform K6/V2 rw128,uniform,6.0,2.0,,[],128.0,True,completed,NEBULA-3186,,66.9052,20.1157,0.4474,33.9245
Qwen2.5-14B,code_ctx8192_d90_s1,code,8192,8180,90,1,NEBULA-3186,Uniform K6/V4 rw128,uniform,6.0,4.0,,[],128.0,True,completed,NEBULA-3186,,60.753,24.2341,0.3714,34.0149
